{
    "trem": 46.36406800223961,
    "tadd": 23.540337324270126,
    "tori": 46.33637259691022,
    "tideal": 23.484700209738318,
    "rem": -0.00121196404622606,
    "add": 0.002434706466518464,
    "Ms": -0.00121196404622606
}