{
    "trem": 1.7710396162385678,
    "tadd": 2.2714122551478795,
    "tori": 2.172696813310722,
    "tideal": 1.843295824372035,
    "rem": 1.2193563788811714,
    "add": 1.2996816802378568,
    "Ms": 1.2193563788811714
}