{
    "trem": 6.887146571307997,
    "tadd": 8.46552351542028,
    "tori": 9.066555374169395,
    "tideal": 5.897478331588793,
    "rem": 0.6877108929755429,
    "add": 0.8103448257415381,
    "Ms": 0.6877108929755429
}