{
    "trem": 23.44582316843448,
    "tadd": 46.48063568664193,
    "tori": 46.33637259691022,
    "tideal": 23.484700209738318,
    "rem": 1.0017012777290497,
    "add": 1.0063130210904254,
    "Mw": 1.0017012777290497
}