{
    "trem": 8.987131119466053,
    "tadd": 7.379152264577529,
    "tori": 9.066555374169395,
    "tideal": 5.897478331588793,
    "rem": 0.025062266911209777,
    "add": 0.46754115254395906,
    "Mw": 0.025062266911209777
}