{
    "trem": 2.162352216004365,
    "tadd": 2.270835546682065,
    "tori": 2.172696813310722,
    "tideal": 1.843295824372035,
    "rem": 0.031404269124045224,
    "add": 1.297930900837732,
    "Mw": 0.031404269124045224
}